Order_ID,Product_ID,Product_Category,Quantity_Sold,Unit_Price,Total_Sales,Date,Region
ORD0001,PROD55,Sports,17,234.36,3984.1200000000003,2024-11-23,North
ORD0002,PROD15,Clothing,8,426.98,3415.84,2024-02-27,North
ORD0003,PROD70,Books,14,49.76,696.64,2024-01-13,West
ORD0004,PROD29,Beauty,10,404.76,4047.6,2024-05-20,North
ORD0005,PROD83,Home & Kitchen,9,155.59,1400.31,2024-05-05,East
ORD0006,PROD20,Sports,2,353.83,707.66,2024-04-24,South
ORD0007,PROD35,Books,18,303.63,5465.34,2024-03-12,East
ORD0008,PROD19,Clothing,19,111.44,2117.36,2024-02-22,South
ORD0009,PROD10,Beauty,6,429.0,2574.0,2024-12-12,West
ORD0010,PROD8,Clothing,14,78.42,1097.88,2024-10-06,South
ORD0011,PROD22,Home & Kitchen,18,357.02,6426.36,2024-02-14,South
ORD0012,PROD40,Books,16,484.36,7749.76,2024-10-29,South
ORD0013,PROD77,Clothing,2,201.14,402.28,2024-08-04,South
ORD0014,PROD96,Home & Kitchen,12,29.23,350.76,2024-01-17,East
ORD0015,PROD73,Sports,13,152.93,1988.0900000000001,2024-01-16,South
ORD0016,PROD37,Beauty,17,410.94,6985.98,2024-02-17,North
ORD0017,PROD57,Books,11,91.06,1001.6600000000001,2024-04-21,South
ORD0018,PROD16,Books,14,476.29,6668.06,2024-04-29,North
ORD0019,PROD60,Home & Kitchen,14,428.03,5992.42,2024-09-15,West
ORD0020,PROD89,Books,5,280.2,1401.0,2024-11-04,North
ORD0021,PROD39,Beauty,10,277.31,2773.1,2024-01-14,East
ORD0022,PROD90,Beauty,13,51.89,674.57,2024-10-14,North
ORD0023,PROD52,Books,6,55.44,332.64,2024-04-11,East
ORD0024,PROD35,Clothing,18,397.94,7162.92,2024-11-28,North
ORD0025,PROD65,Clothing,16,65.12,1041.92,2024-12-25,South
ORD0026,PROD70,Beauty,8,35.53,284.24,2024-10-06,West
ORD0027,PROD64,Clothing,8,391.58,3132.64,2024-08-02,East
ORD0028,PROD57,Home & Kitchen,10,115.03,1150.3,2024-04-22,East
ORD0029,PROD11,Electronics,5,103.08,515.4,2024-08-17,South
ORD0030,PROD77,Sports,15,203.29,3049.35,2024-10-28,South
ORD0031,PROD6,Books,2,344.71,689.42,2024-05-22,North
ORD0032,PROD56,Home & Kitchen,18,469.1,8443.800000000001,2024-01-04,East
ORD0033,PROD95,Beauty,14,46.6,652.4,2024-03-22,North
ORD0034,PROD42,Electronics,14,295.13,4131.82,2024-12-23,South
ORD0035,PROD78,Sports,18,459.13,8264.34,2024-08-04,East
ORD0036,PROD33,Beauty,17,42.12,716.04,2024-06-23,West
ORD0037,PROD4,Electronics,5,498.59,2492.95,2024-05-22,West
ORD0038,PROD12,Home & Kitchen,13,102.89,1337.57,2024-03-20,East
ORD0039,PROD30,Electronics,8,324.76,2598.08,2024-04-20,East
ORD0040,PROD87,Clothing,9,405.6,3650.4,2024-06-21,South
ORD0041,PROD74,Home & Kitchen,7,50.53,353.71000000000004,2024-02-22,East
ORD0042,PROD76,Books,11,424.4,4668.4,2024-02-17,East
ORD0043,PROD3,Beauty,3,405.4,1216.1999999999998,2024-07-13,West
ORD0044,PROD98,Clothing,15,65.65,984.7500000000001,2024-02-19,South
ORD0045,PROD87,Books,12,471.43,5657.16,2024-07-02,North
ORD0046,PROD35,Electronics,3,30.07,90.21000000000001,2024-06-25,East
ORD0047,PROD74,Clothing,18,462.45,8324.1,2024-11-05,South
ORD0048,PROD6,Books,7,219.41,1535.87,2024-05-15,South
ORD0049,PROD98,Home & Kitchen,2,363.59,727.18,2024-01-23,West
ORD0050,PROD97,Electronics,9,250.58,2255.2200000000003,2024-08-23,East
ORD0051,PROD23,Books,13,194.45,2527.85,2024-10-01,East
ORD0052,PROD61,Electronics,20,216.2,4324.0,2024-03-04,South
ORD0053,PROD67,Books,20,180.2,3604.0,2024-07-12,East
ORD0054,PROD84,Beauty,2,454.61,909.22,2024-02-10,West
ORD0055,PROD57,Home & Kitchen,3,141.12,423.36,2024-10-09,West
ORD0056,PROD36,Clothing,7,225.78,1580.46,2024-05-30,West
ORD0057,PROD24,Books,19,78.57,1492.83,2024-11-17,East
ORD0058,PROD75,Electronics,18,308.98,5561.64,2024-11-12,East
ORD0059,PROD56,Home & Kitchen,7,310.4,2172.7999999999997,2024-07-04,West
ORD0060,PROD82,Clothing,16,325.4,5206.4,2024-10-22,North
ORD0061,PROD63,Electronics,7,251.95,1763.6499999999999,2024-04-08,South
ORD0062,PROD12,Home & Kitchen,11,441.98,4861.780000000001,2024-12-26,North
ORD0063,PROD61,Electronics,10,242.12,2421.2,2024-02-05,East
ORD0064,PROD45,Sports,1,48.42,48.42,2024-01-24,South
ORD0065,PROD53,Sports,7,194.59,1362.13,2024-12-04,South
ORD0066,PROD43,Home & Kitchen,7,212.52,1487.64,2024-04-26,East
ORD0067,PROD42,Clothing,4,323.11,1292.44,2024-05-28,North
ORD0068,PROD86,Clothing,16,399.61,6393.76,2024-02-10,North
ORD0069,PROD14,Electronics,8,128.33,1026.64,2024-04-29,North
ORD0070,PROD21,Home & Kitchen,20,497.07,9941.4,2024-02-21,North
ORD0071,PROD43,Books,7,274.11,1918.77,2024-07-13,West
ORD0072,PROD53,Sports,13,14.67,190.71,2024-05-22,South
ORD0073,PROD89,Clothing,8,194.34,1554.72,2024-08-20,North
ORD0074,PROD64,Sports,18,358.12,6446.16,2024-11-21,East
ORD0075,PROD37,Books,11,242.44,2666.84,2024-07-05,West
ORD0076,PROD85,Books,10,391.81,3918.1,2024-03-24,South
ORD0077,PROD52,Beauty,13,175.3,2278.9,2024-07-08,East
ORD0078,PROD98,Electronics,15,285.0,4275.0,2024-06-30,West
ORD0079,PROD71,Electronics,18,164.19,2955.42,2024-04-17,South
ORD0080,PROD5,Electronics,12,138.87,1666.44,2024-12-09,East
ORD0081,PROD59,Home & Kitchen,10,17.9,179.0,2024-05-16,South
ORD0082,PROD12,Clothing,9,300.57,2705.13,2024-12-25,West
ORD0083,PROD41,Clothing,12,19.51,234.12,2024-12-15,North
ORD0084,PROD33,Beauty,17,406.29,6906.93,2024-11-27,West
ORD0085,PROD42,Sports,16,144.06,2304.96,2024-02-06,East
ORD0086,PROD15,Beauty,15,405.28,6079.2,2024-11-07,North
ORD0087,PROD99,Beauty,4,238.48,953.92,2024-11-21,South
ORD0088,PROD52,Books,16,181.93,2910.88,2024-03-28,South
ORD0089,PROD66,Electronics,11,294.07,3234.77,2024-09-30,South
ORD0090,PROD1,Home & Kitchen,7,120.22,841.54,2024-05-05,West
ORD0091,PROD85,Clothing,12,84.01,1008.1200000000001,2024-03-24,South
ORD0092,PROD70,Home & Kitchen,11,127.69,1404.59,2024-08-24,South
ORD0093,PROD60,Electronics,14,124.37,1741.18,2024-07-13,South
ORD0094,PROD53,Electronics,2,269.18,538.36,2024-05-18,West
ORD0095,PROD7,Clothing,19,396.66,7536.540000000001,2024-11-23,East
ORD0096,PROD25,Books,8,369.84,2958.72,2024-12-18,North
ORD0097,PROD67,Sports,5,383.2,1916.0,2024-10-12,South
ORD0098,PROD47,Beauty,1,474.16,474.16,2024-04-22,West
ORD0099,PROD80,Books,9,289.97,2609.7300000000005,2024-12-16,South
ORD0100,PROD97,Electronics,18,491.42,8845.56,2024-06-15,North
ORD0101,PROD64,Electronics,19,197.27,3748.13,2024-01-29,East
ORD0102,PROD81,Books,19,467.93,8890.67,2024-04-27,East
ORD0103,PROD57,Beauty,14,495.81,6941.34,2024-01-17,South
ORD0104,PROD98,Beauty,10,90.99,909.9,2024-06-10,North
ORD0105,PROD7,Electronics,5,122.09,610.45,2024-07-24,South
ORD0106,PROD27,Sports,7,162.41,1136.87,2024-05-17,East
ORD0107,PROD35,Beauty,11,370.36,4073.96,2024-02-03,West
ORD0108,PROD71,Beauty,8,182.6,1460.8,2024-04-18,West
ORD0109,PROD17,Clothing,13,297.82,3871.66,2024-10-17,West
ORD0110,PROD37,Sports,19,353.21,6710.99,2024-06-10,North
ORD0111,PROD57,Clothing,8,179.08,1432.64,2024-04-18,North
ORD0112,PROD90,Home & Kitchen,16,285.99,4575.84,2024-12-01,East
ORD0113,PROD63,Books,18,75.34,1356.1200000000001,2024-09-12,North
ORD0114,PROD16,Electronics,11,474.44,5218.84,2024-07-21,East
ORD0115,PROD4,Beauty,9,419.16,3772.44,2024-11-25,East
ORD0116,PROD81,Home & Kitchen,16,406.15,6498.4,2024-08-22,South
ORD0117,PROD78,Clothing,16,485.34,7765.44,2024-03-14,West
ORD0118,PROD31,Beauty,15,273.35,4100.25,2024-05-15,West
ORD0119,PROD91,Books,6,91.9,551.4000000000001,2024-03-12,East
ORD0120,PROD21,Clothing,12,23.79,285.48,2024-05-06,North
ORD0121,PROD40,Sports,6,32.8,196.79999999999998,2024-10-14,East
ORD0122,PROD71,Sports,5,302.82,1514.1,2024-10-02,West
ORD0123,PROD2,Electronics,18,14.86,267.48,2024-05-14,South
ORD0124,PROD71,Beauty,16,241.6,3865.6,2024-10-26,West
ORD0125,PROD53,Home & Kitchen,6,169.21,1015.26,2024-08-07,East
ORD0126,PROD12,Electronics,18,309.0,5562.0,2024-10-25,East
ORD0127,PROD29,Beauty,2,404.19,808.38,2024-07-23,West
ORD0128,PROD15,Beauty,17,173.68,2952.56,2024-07-04,West
ORD0129,PROD60,Beauty,2,92.84,185.68,2024-04-22,North
ORD0130,PROD16,Beauty,3,402.2,1206.6,2024-03-11,South
ORD0131,PROD83,Beauty,2,434.77,869.54,2024-09-17,West
ORD0132,PROD20,Electronics,1,34.48,34.48,2024-09-09,South
ORD0133,PROD64,Books,14,78.12,1093.68,2024-02-16,South
ORD0134,PROD92,Books,5,353.82,1769.1,2024-01-25,North
ORD0135,PROD38,Electronics,8,75.12,600.96,2024-02-26,East
ORD0136,PROD66,Sports,3,59.91,179.73,2024-03-19,South
ORD0137,PROD91,Books,5,265.52,1327.6,2024-11-17,South
ORD0138,PROD35,Home & Kitchen,1,185.62,185.62,2024-03-22,South
ORD0139,PROD54,Home & Kitchen,7,40.9,286.3,2024-12-14,South
ORD0140,PROD62,Sports,17,353.75,6013.75,2024-08-04,East
ORD0141,PROD61,Electronics,15,332.76,4991.4,2024-11-01,North
ORD0142,PROD32,Home & Kitchen,12,295.08,3540.96,2024-02-02,South
ORD0143,PROD59,Electronics,2,171.6,343.2,2024-07-16,West
ORD0144,PROD71,Home & Kitchen,20,164.69,3293.8,2024-07-14,East
ORD0145,PROD19,Clothing,20,488.05,9761.0,2024-11-01,North
ORD0146,PROD50,Sports,16,367.51,5880.16,2024-08-27,West
ORD0147,PROD25,Sports,16,221.25,3540.0,2024-09-27,West
ORD0148,PROD77,Sports,1,321.44,321.44,2024-05-08,West
ORD0149,PROD66,Electronics,1,246.16,246.16,2024-10-10,South
ORD0150,PROD96,Beauty,18,162.06,2917.08,2024-01-06,South
ORD0151,PROD18,Sports,18,355.06,6391.08,2024-12-14,West
ORD0152,PROD9,Home & Kitchen,14,283.18,3964.52,2024-02-28,North
ORD0153,PROD36,Clothing,1,445.35,445.35,2024-12-15,South
ORD0154,PROD99,Electronics,1,308.79,308.79,2024-10-01,North
ORD0155,PROD54,Home & Kitchen,17,181.63,3087.71,2024-05-16,South
ORD0156,PROD44,Beauty,9,334.44,3009.96,2024-11-24,South
ORD0157,PROD65,Home & Kitchen,18,408.15,7346.7,2024-06-23,South
ORD0158,PROD35,Sports,10,192.3,1923.0,2024-02-27,North
ORD0159,PROD1,Clothing,1,368.33,368.33,2024-05-30,South
ORD0160,PROD37,Sports,17,150.79,2563.43,2024-08-10,North
ORD0161,PROD93,Books,14,92.97,1301.58,2024-03-21,South
ORD0162,PROD39,Sports,6,5.89,35.339999999999996,2024-08-20,East
ORD0163,PROD76,Books,4,352.49,1409.96,2024-01-02,South
ORD0164,PROD75,Sports,4,288.55,1154.2,2024-05-14,West
ORD0165,PROD85,Clothing,17,426.12,7244.04,2024-09-13,North
ORD0166,PROD63,Clothing,5,386.56,1932.8,2024-04-01,East
ORD0167,PROD20,Electronics,8,285.9,2287.2,2024-09-16,North
ORD0168,PROD58,Sports,7,95.13,665.91,2024-02-24,South
ORD0169,PROD69,Books,20,162.52,3250.4,2024-11-16,West
ORD0170,PROD62,Electronics,17,405.36,6891.12,2024-06-01,West
ORD0171,PROD45,Home & Kitchen,9,307.63,2768.67,2024-11-23,West
ORD0172,PROD43,Clothing,12,321.63,3859.56,2024-09-16,South
ORD0173,PROD71,Electronics,9,56.53,508.77,2024-11-07,South
ORD0174,PROD98,Clothing,13,250.61,3257.9300000000003,2024-04-11,West
ORD0175,PROD70,Electronics,3,168.93,506.79,2024-03-19,South
ORD0176,PROD49,Home & Kitchen,12,43.51,522.12,2024-07-10,South
ORD0177,PROD59,Home & Kitchen,13,176.67,2296.71,2024-03-23,East
ORD0178,PROD42,Beauty,15,163.16,2447.4,2024-10-03,South
ORD0179,PROD25,Books,19,319.91,6078.290000000001,2024-09-28,East
ORD0180,PROD90,Beauty,8,481.72,3853.76,2024-01-01,West
ORD0181,PROD31,Books,8,411.72,3293.76,2024-11-02,North
ORD0182,PROD74,Home & Kitchen,10,336.66,3366.6000000000004,2024-06-14,South
ORD0183,PROD50,Electronics,3,366.0,1098.0,2024-09-07,West
ORD0184,PROD30,Sports,2,171.2,342.4,2024-01-10,West
ORD0185,PROD100,Clothing,3,10.64,31.92,2024-02-27,South
ORD0186,PROD53,Home & Kitchen,13,108.79,1414.27,2024-07-04,North
ORD0187,PROD6,Home & Kitchen,13,348.12,4525.56,2024-06-06,North
ORD0188,PROD41,Electronics,13,178.49,2320.37,2024-05-02,South
ORD0189,PROD96,Sports,18,394.57,7102.26,2024-01-30,West
ORD0190,PROD61,Home & Kitchen,16,361.6,5785.6,2024-05-03,South
ORD0191,PROD91,Home & Kitchen,2,28.83,57.66,2024-10-17,North
ORD0192,PROD49,Electronics,1,221.92,221.92,2024-02-10,South
ORD0193,PROD50,Home & Kitchen,6,212.73,1276.3799999999999,2024-02-13,West
ORD0194,PROD85,Books,3,87.34,262.02,2024-09-05,North
ORD0195,PROD84,Books,16,209.94,3359.04,2024-02-05,North
ORD0196,PROD20,Sports,14,441.48,6180.72,2024-09-29,North
ORD0197,PROD64,Books,11,178.86,1967.46,2024-03-05,West
ORD0198,PROD5,Books,19,190.8,3625.2000000000003,2024-03-06,South
ORD0199,PROD17,Home & Kitchen,4,415.26,1661.04,2024-12-03,North
ORD0200,PROD65,Clothing,17,395.42,6722.14,2024-08-31,West
ORD0201,PROD76,Books,2,291.14,582.28,2024-10-08,West
ORD0202,PROD43,Sports,8,380.33,3042.64,2024-03-25,East
ORD0203,PROD13,Books,7,116.66,816.62,2024-05-15,North
ORD0204,PROD57,Home & Kitchen,19,228.39,4339.41,2024-09-27,West
ORD0205,PROD13,Beauty,16,400.6,6409.6,2024-11-06,South
ORD0206,PROD68,Home & Kitchen,9,21.54,193.85999999999999,2024-08-04,West
ORD0207,PROD59,Electronics,2,14.94,29.88,2024-04-18,West
ORD0208,PROD2,Sports,3,134.26,402.78,2024-10-03,East
ORD0209,PROD93,Books,9,56.84,511.56000000000006,2024-12-19,North
ORD0210,PROD19,Electronics,18,174.2,3135.6,2024-04-12,West
ORD0211,PROD53,Books,19,444.53,8446.07,2024-12-31,South
ORD0212,PROD84,Beauty,2,84.65,169.3,2024-06-08,East
ORD0213,PROD20,Clothing,6,42.13,252.78000000000003,2024-07-23,West
ORD0214,PROD10,Beauty,11,471.21,5183.3099999999995,2024-12-09,South
ORD0215,PROD61,Home & Kitchen,1,489.13,489.13,2024-11-28,North
ORD0216,PROD34,Home & Kitchen,7,172.29,1206.03,2024-07-10,East
ORD0217,PROD44,Electronics,19,492.71,9361.49,2024-08-12,West
ORD0218,PROD80,Electronics,5,447.15,2235.75,2024-09-21,East
ORD0219,PROD89,Home & Kitchen,13,353.73,4598.49,2024-08-19,South
ORD0220,PROD51,Sports,3,218.51,655.53,2024-03-02,North
ORD0221,PROD84,Home & Kitchen,10,328.55,3285.5,2024-05-06,North
ORD0222,PROD11,Home & Kitchen,6,305.62,1833.72,2024-04-25,North
ORD0223,PROD43,Books,19,219.93,4178.67,2024-02-02,North
ORD0224,PROD87,Beauty,8,31.51,252.08,2024-06-22,West
ORD0225,PROD69,Sports,19,168.89,3208.91,2024-01-11,South
ORD0226,PROD49,Books,13,487.33,6335.29,2024-10-28,East
ORD0227,PROD41,Clothing,18,207.59,3736.62,2024-10-10,West
ORD0228,PROD81,Sports,11,279.29,3072.19,2024-04-27,East
ORD0229,PROD92,Books,13,463.16,6021.08,2024-10-28,North
ORD0230,PROD98,Home & Kitchen,5,272.36,1361.8000000000002,2024-04-22,South
ORD0231,PROD63,Books,3,332.0,996.0,2024-01-04,West
ORD0232,PROD70,Electronics,17,152.21,2587.57,2024-02-06,East
ORD0233,PROD5,Sports,12,52.48,629.76,2024-12-28,East
ORD0234,PROD80,Home & Kitchen,2,199.49,398.98,2024-11-19,West
ORD0235,PROD9,Beauty,4,277.08,1108.32,2024-01-31,East
ORD0236,PROD31,Books,14,248.02,3472.28,2024-04-27,East
ORD0237,PROD81,Home & Kitchen,8,31.98,255.84,2024-02-04,West
ORD0238,PROD88,Sports,3,6.89,20.669999999999998,2024-01-17,South
ORD0239,PROD37,Electronics,11,48.38,532.1800000000001,2024-06-18,West
ORD0240,PROD30,Electronics,20,412.83,8256.6,2024-02-06,West
ORD0241,PROD96,Sports,20,314.42,6288.400000000001,2024-09-20,South
ORD0242,PROD12,Sports,20,242.76,4855.2,2024-05-01,East
ORD0243,PROD56,Books,13,53.01,689.13,2024-05-22,West
ORD0244,PROD13,Home & Kitchen,11,107.44,1181.84,2024-12-08,East
ORD0245,PROD98,Beauty,1,320.9,320.9,2024-09-05,East
ORD0246,PROD82,Sports,9,488.64,4397.76,2024-04-19,East
ORD0247,PROD91,Sports,15,239.42,3591.2999999999997,2024-10-03,West
ORD0248,PROD13,Clothing,16,62.18,994.88,2024-03-08,South
ORD0249,PROD57,Electronics,8,393.51,3148.08,2024-10-19,North
ORD0250,PROD22,Clothing,12,238.12,2857.44,2024-10-22,South
ORD0251,PROD89,Beauty,18,447.96,8063.28,2024-08-30,West
ORD0252,PROD39,Sports,13,136.18,1770.3400000000001,2024-05-04,South
ORD0253,PROD4,Books,14,322.72,4518.08,2024-08-30,North
ORD0254,PROD6,Electronics,6,196.83,1180.98,2024-07-27,South
ORD0255,PROD42,Clothing,19,188.66,3584.54,2024-04-07,West
ORD0256,PROD8,Electronics,13,193.82,2519.66,2024-02-18,East
ORD0257,PROD38,Clothing,3,97.36,292.08,2024-02-19,North
ORD0258,PROD46,Sports,20,27.09,541.8,2024-12-03,South
ORD0259,PROD48,Home & Kitchen,10,222.67,2226.7,2024-08-08,West
ORD0260,PROD56,Home & Kitchen,8,135.38,1083.04,2024-06-30,North
ORD0261,PROD19,Books,3,419.35,1258.0500000000002,2024-08-04,North
ORD0262,PROD32,Beauty,3,284.3,852.9000000000001,2024-07-29,South
ORD0263,PROD68,Electronics,9,79.81,718.29,2024-08-27,West
ORD0264,PROD53,Beauty,5,349.75,1748.75,2024-01-28,West
ORD0265,PROD73,Clothing,13,52.87,687.31,2024-12-10,North
ORD0266,PROD88,Sports,5,335.73,1678.65,2024-11-30,North
ORD0267,PROD24,Books,13,405.05,5265.650000000001,2024-11-26,East
ORD0268,PROD22,Home & Kitchen,11,209.92,2309.12,2024-02-20,South
ORD0269,PROD23,Home & Kitchen,12,379.45,4553.4,2024-02-01,East
ORD0270,PROD11,Books,4,117.62,470.48,2024-07-25,North
ORD0271,PROD79,Electronics,3,35.19,105.57,2024-06-22,North
ORD0272,PROD49,Beauty,1,196.62,196.62,2024-02-25,West
ORD0273,PROD80,Clothing,10,263.68,2636.8,2024-05-07,West
ORD0274,PROD88,Beauty,15,482.99,7244.85,2024-04-08,East
ORD0275,PROD31,Home & Kitchen,12,345.1,4141.200000000001,2024-04-07,North
ORD0276,PROD64,Books,9,468.5,4216.5,2024-10-01,South
ORD0277,PROD75,Home & Kitchen,4,288.49,1153.96,2024-08-17,West
ORD0278,PROD19,Sports,5,121.64,608.2,2024-03-12,West
ORD0279,PROD30,Home & Kitchen,3,152.93,458.79,2024-08-04,North
ORD0280,PROD60,Clothing,6,200.43,1202.58,2024-04-03,South
ORD0281,PROD82,Electronics,14,427.7,5987.8,2024-05-22,East
ORD0282,PROD33,Electronics,15,22.19,332.85,2024-08-24,South
ORD0283,PROD59,Sports,18,287.75,5179.5,2024-05-07,North
ORD0284,PROD33,Clothing,18,260.82,4694.76,2024-02-08,South
ORD0285,PROD86,Books,17,287.89,4894.13,2024-08-14,South
ORD0286,PROD2,Beauty,14,491.46,6880.44,2024-10-08,North
ORD0287,PROD60,Books,4,77.99,311.96,2024-02-20,East
ORD0288,PROD37,Beauty,1,474.88,474.88,2024-01-26,South
ORD0289,PROD87,Electronics,3,227.27,681.8100000000001,2024-11-29,North
ORD0290,PROD70,Home & Kitchen,12,474.79,5697.4800000000005,2024-10-03,South
ORD0291,PROD21,Home & Kitchen,18,87.75,1579.5,2024-01-08,North
ORD0292,PROD10,Sports,3,109.89,329.67,2024-02-17,East
ORD0293,PROD57,Books,20,100.4,2008.0,2024-05-01,West
ORD0294,PROD45,Clothing,20,26.12,522.4,2024-03-26,East
ORD0295,PROD76,Beauty,11,43.79,481.69,2024-07-27,West
ORD0296,PROD39,Home & Kitchen,13,343.15,4460.95,2024-09-05,West
ORD0297,PROD82,Sports,1,104.95,104.95,2024-09-03,South
ORD0298,PROD55,Books,10,412.17,4121.7,2024-04-19,North
ORD0299,PROD89,Clothing,14,78.2,1094.8,2024-07-24,North
ORD0300,PROD33,Electronics,13,299.55,3894.15,2024-01-31,North
ORD0301,PROD59,Clothing,3,163.28,489.84000000000003,2024-03-25,East
ORD0302,PROD39,Electronics,18,364.92,6568.56,2024-07-13,East
ORD0303,PROD26,Books,8,404.64,3237.12,2024-01-02,East
ORD0304,PROD50,Clothing,19,48.08,913.52,2024-07-18,East
ORD0305,PROD62,Sports,17,280.4,4766.799999999999,2024-05-15,South
ORD0306,PROD14,Books,6,278.27,1669.62,2024-08-20,South
ORD0307,PROD31,Electronics,13,429.03,5577.389999999999,2024-05-26,West
ORD0308,PROD49,Sports,6,262.25,1573.5,2024-08-04,West
ORD0309,PROD74,Home & Kitchen,5,459.0,2295.0,2024-12-22,North
ORD0310,PROD46,Sports,9,11.12,100.08,2024-10-11,East
ORD0311,PROD74,Home & Kitchen,10,351.7,3517.0,2024-12-04,South
ORD0312,PROD38,Sports,9,295.85,2662.65,2024-09-06,West
ORD0313,PROD90,Electronics,16,391.93,6270.88,2024-03-20,North
ORD0314,PROD38,Beauty,5,60.7,303.5,2024-04-07,North
ORD0315,PROD3,Beauty,3,79.07,237.20999999999998,2024-05-31,East
ORD0316,PROD85,Home & Kitchen,6,285.46,1712.7599999999998,2024-04-21,East
ORD0317,PROD51,Home & Kitchen,14,293.43,4108.02,2024-01-30,North
ORD0318,PROD36,Clothing,9,482.59,4343.3099999999995,2024-10-23,East
ORD0319,PROD2,Sports,14,54.6,764.4,2024-10-04,East
ORD0320,PROD73,Sports,10,57.29,572.9,2024-02-01,West
ORD0321,PROD88,Sports,16,390.87,6253.92,2024-06-09,West
ORD0322,PROD100,Sports,3,393.94,1181.82,2024-01-30,West
ORD0323,PROD96,Clothing,12,434.4,5212.799999999999,2024-01-26,South
ORD0324,PROD7,Home & Kitchen,9,440.67,3966.03,2024-10-26,East
ORD0325,PROD78,Beauty,8,439.56,3516.48,2024-09-01,West
ORD0326,PROD96,Clothing,16,135.75,2172.0,2024-09-14,West
ORD0327,PROD64,Electronics,20,329.12,6582.4,2024-09-28,North
ORD0328,PROD37,Clothing,20,288.15,5763.0,2024-03-21,West
ORD0329,PROD100,Clothing,7,239.16,1674.12,2024-01-30,North
ORD0330,PROD30,Clothing,15,90.24,1353.6,2024-09-17,East
ORD0331,PROD78,Books,4,204.47,817.88,2024-02-11,North
ORD0332,PROD46,Electronics,5,311.03,1555.1499999999999,2024-04-05,West
ORD0333,PROD29,Home & Kitchen,10,342.0,3420.0,2024-02-05,South
ORD0334,PROD82,Beauty,1,203.85,203.85,2024-10-31,South
ORD0335,PROD25,Beauty,13,200.92,2611.96,2024-02-04,East
ORD0336,PROD80,Home & Kitchen,11,440.08,4840.88,2024-12-11,West
ORD0337,PROD33,Books,20,346.8,6936.0,2024-04-30,East
ORD0338,PROD87,Beauty,13,29.4,382.2,2024-07-25,North
ORD0339,PROD97,Clothing,11,240.23,2642.5299999999997,2024-03-02,East
ORD0340,PROD93,Beauty,15,137.95,2069.25,2024-10-18,South
ORD0341,PROD99,Electronics,11,189.36,2082.96,2024-05-06,East
ORD0342,PROD85,Electronics,14,172.24,2411.36,2024-10-23,North
ORD0343,PROD88,Home & Kitchen,20,397.86,7957.200000000001,2024-10-31,West
ORD0344,PROD18,Books,5,158.92,794.5999999999999,2024-01-21,East
ORD0345,PROD81,Sports,10,422.21,4222.099999999999,2024-11-13,North
ORD0346,PROD13,Sports,11,429.83,4728.13,2024-02-11,South
ORD0347,PROD81,Books,20,344.0,6880.0,2024-08-02,West
ORD0348,PROD83,Beauty,7,486.39,3404.73,2024-12-02,East
ORD0349,PROD6,Books,16,117.84,1885.44,2024-10-25,East
ORD0350,PROD40,Books,11,153.74,1691.14,2024-10-16,South
ORD0351,PROD57,Beauty,6,373.14,2238.84,2024-09-24,East
ORD0352,PROD5,Electronics,13,388.15,5045.95,2024-06-10,South
ORD0353,PROD75,Clothing,11,163.83,1802.13,2024-05-13,South
ORD0354,PROD47,Home & Kitchen,10,365.76,3657.6,2024-04-14,West
ORD0355,PROD94,Sports,16,304.46,4871.36,2024-12-08,South
ORD0356,PROD17,Electronics,19,49.2,934.8000000000001,2024-06-09,South
ORD0357,PROD12,Books,8,223.65,1789.2,2024-05-02,South
ORD0358,PROD38,Books,11,457.15,5028.65,2024-05-15,East
ORD0359,PROD42,Sports,13,206.55,2685.15,2024-07-21,South
ORD0360,PROD96,Beauty,9,244.81,2203.29,2024-03-08,South
ORD0361,PROD54,Home & Kitchen,13,260.67,3388.71,2024-12-09,South
ORD0362,PROD23,Clothing,12,190.09,2281.08,2024-11-26,South
ORD0363,PROD26,Beauty,4,32.82,131.28,2024-06-02,East
ORD0364,PROD17,Sports,19,396.79,7539.01,2024-08-22,South
ORD0365,PROD70,Beauty,7,37.48,262.35999999999996,2024-06-10,North
ORD0366,PROD47,Clothing,19,356.24,6768.56,2024-02-07,North
ORD0367,PROD68,Clothing,18,204.68,3684.2400000000002,2024-01-05,North
ORD0368,PROD65,Books,6,391.36,2348.16,2024-08-22,West
ORD0369,PROD35,Beauty,18,264.52,4761.36,2024-11-14,North
ORD0370,PROD22,Electronics,1,286.49,286.49,2024-10-15,North
ORD0371,PROD33,Electronics,15,91.0,1365.0,2024-02-21,West
ORD0372,PROD62,Beauty,7,438.21,3067.47,2024-02-07,East
ORD0373,PROD38,Clothing,15,104.36,1565.4,2024-10-02,East
ORD0374,PROD96,Home & Kitchen,10,33.53,335.3,2024-04-19,West
ORD0375,PROD44,Clothing,3,21.37,64.11,2024-09-16,East
ORD0376,PROD15,Clothing,14,30.03,420.42,2024-05-15,West
ORD0377,PROD60,Home & Kitchen,16,183.39,2934.24,2024-03-08,South
ORD0378,PROD10,Sports,5,103.56,517.8,2024-06-27,East
ORD0379,PROD19,Clothing,10,187.33,1873.3000000000002,2024-02-05,West
ORD0380,PROD97,Home & Kitchen,8,234.79,1878.32,2024-05-05,South
ORD0381,PROD29,Beauty,9,201.49,1813.41,2024-07-08,South
ORD0382,PROD87,Home & Kitchen,5,461.92,2309.6,2024-05-25,North
ORD0383,PROD93,Electronics,14,342.18,4790.52,2024-03-21,West
ORD0384,PROD87,Home & Kitchen,13,124.76,1621.88,2024-08-12,West
ORD0385,PROD51,Clothing,3,246.95,740.8499999999999,2024-10-05,North
ORD0386,PROD72,Sports,15,225.82,3387.2999999999997,2024-12-26,East
ORD0387,PROD47,Beauty,20,480.46,9609.199999999999,2024-06-03,West
ORD0388,PROD12,Home & Kitchen,16,239.92,3838.72,2024-11-09,South
ORD0389,PROD51,Clothing,19,277.91,5280.290000000001,2024-11-30,West
ORD0390,PROD2,Sports,13,175.4,2280.2000000000003,2024-09-27,North
ORD0391,PROD34,Home & Kitchen,18,419.64,7553.5199999999995,2024-01-05,West
ORD0392,PROD69,Beauty,17,133.04,2261.68,2024-12-07,East
ORD0393,PROD16,Beauty,14,416.28,5827.92,2024-10-10,North
ORD0394,PROD59,Electronics,18,49.74,895.32,2024-06-02,North
ORD0395,PROD48,Beauty,2,18.59,37.18,2024-12-05,South
ORD0396,PROD87,Sports,12,29.58,354.96,2024-02-23,West
ORD0397,PROD96,Clothing,18,427.64,7697.5199999999995,2024-03-09,North
ORD0398,PROD87,Beauty,20,391.02,7820.4,2024-05-15,East
ORD0399,PROD34,Beauty,3,111.09,333.27,2024-02-29,East
ORD0400,PROD75,Clothing,4,114.57,458.28,2024-02-24,East
ORD0401,PROD49,Clothing,8,116.43,931.44,2024-10-10,South
ORD0402,PROD82,Sports,12,107.33,1287.96,2024-03-20,East
ORD0403,PROD48,Beauty,6,327.54,1965.2400000000002,2024-05-19,South
ORD0404,PROD14,Sports,20,259.07,5181.4,2024-05-24,East
ORD0405,PROD87,Beauty,2,432.99,865.98,2024-11-05,West
ORD0406,PROD30,Home & Kitchen,19,483.73,9190.87,2024-04-17,East
ORD0407,PROD61,Beauty,13,342.69,4454.97,2024-06-24,East
ORD0408,PROD4,Electronics,11,239.68,2636.48,2024-04-14,South
ORD0409,PROD80,Electronics,14,70.5,987.0,2024-12-17,West
ORD0410,PROD72,Electronics,4,90.73,362.92,2024-11-20,West
ORD0411,PROD42,Electronics,1,401.43,401.43,2024-05-15,South
ORD0412,PROD79,Sports,4,115.77,463.08,2024-09-15,West
ORD0413,PROD29,Beauty,9,306.13,2755.17,2024-09-07,East
ORD0414,PROD83,Home & Kitchen,8,471.79,3774.32,2024-05-08,East
ORD0415,PROD9,Sports,17,357.81,6082.77,2024-01-27,West
ORD0416,PROD82,Clothing,17,356.14,6054.38,2024-02-17,East
ORD0417,PROD60,Beauty,18,141.31,2543.58,2024-11-20,West
ORD0418,PROD90,Books,19,448.26,8516.94,2024-08-04,South
ORD0419,PROD39,Beauty,19,426.54,8104.26,2024-05-21,South
ORD0420,PROD84,Sports,8,232.2,1857.6,2024-01-23,South
ORD0421,PROD53,Electronics,15,113.01,1695.15,2024-01-02,North
ORD0422,PROD15,Books,12,154.56,1854.72,2024-06-19,East
ORD0423,PROD18,Sports,13,262.72,3415.3600000000006,2024-03-07,South
ORD0424,PROD6,Beauty,15,313.69,4705.35,2024-11-22,West
ORD0425,PROD5,Home & Kitchen,19,294.32,5592.08,2024-05-14,West
ORD0426,PROD39,Sports,17,8.64,146.88,2024-03-23,South
ORD0427,PROD64,Home & Kitchen,5,499.72,2498.6000000000004,2024-08-14,South
ORD0428,PROD15,Books,12,483.41,5800.92,2024-10-09,South
ORD0429,PROD13,Clothing,1,420.49,420.49,2024-12-27,West
ORD0430,PROD31,Sports,16,282.92,4526.72,2024-08-06,North
ORD0431,PROD69,Books,4,298.92,1195.68,2024-10-14,South
ORD0432,PROD18,Home & Kitchen,10,144.93,1449.3000000000002,2024-01-05,West
ORD0433,PROD50,Books,14,343.78,4812.92,2024-02-27,West
ORD0434,PROD59,Electronics,3,243.46,730.38,2024-02-08,South
ORD0435,PROD48,Sports,4,171.46,685.84,2024-12-19,East
ORD0436,PROD86,Electronics,5,141.86,709.3000000000001,2024-03-17,West
ORD0437,PROD96,Clothing,12,165.94,1991.28,2024-10-06,East
ORD0438,PROD90,Books,10,142.06,1420.6,2024-01-19,East
ORD0439,PROD70,Books,11,329.78,3627.58,2024-07-08,North
ORD0440,PROD54,Books,15,476.33,7144.95,2024-10-25,West
ORD0441,PROD76,Books,7,327.48,2292.36,2024-10-09,North
ORD0442,PROD96,Clothing,17,98.24,1670.08,2024-03-16,South
ORD0443,PROD94,Home & Kitchen,16,261.06,4176.96,2024-08-08,North
ORD0444,PROD20,Beauty,12,123.95,1487.4,2024-03-06,South
ORD0445,PROD54,Clothing,16,33.1,529.6,2024-01-22,East
ORD0446,PROD84,Home & Kitchen,4,429.37,1717.48,2024-06-06,West
ORD0447,PROD13,Sports,15,405.96,6089.4,2024-07-05,North
ORD0448,PROD63,Home & Kitchen,15,205.03,3075.45,2024-01-21,West
ORD0449,PROD79,Sports,11,163.19,1795.09,2024-07-02,East
ORD0450,PROD53,Home & Kitchen,3,74.27,222.81,2024-04-17,East
ORD0451,PROD36,Books,10,17.6,176.0,2024-12-15,East
ORD0452,PROD5,Clothing,2,251.2,502.4,2024-05-07,East
ORD0453,PROD89,Home & Kitchen,4,151.32,605.28,2024-12-07,East
ORD0454,PROD48,Beauty,1,453.92,453.92,2024-02-22,East
ORD0455,PROD28,Beauty,11,205.28,2258.08,2024-06-30,North
ORD0456,PROD57,Electronics,4,369.68,1478.72,2024-10-13,West
ORD0457,PROD57,Home & Kitchen,6,293.6,1761.6000000000001,2024-07-27,North
ORD0458,PROD31,Clothing,8,497.4,3979.2,2024-11-13,East
ORD0459,PROD47,Books,17,408.93,6951.81,2024-03-20,South
ORD0460,PROD13,Electronics,6,174.87,1049.22,2024-05-01,South
ORD0461,PROD88,Home & Kitchen,18,358.12,6446.16,2024-03-24,East
ORD0462,PROD48,Books,6,344.73,2068.38,2024-03-31,East
ORD0463,PROD70,Clothing,11,320.97,3530.67,2024-07-30,East
ORD0464,PROD83,Clothing,18,240.49,4328.82,2024-01-13,West
ORD0465,PROD46,Electronics,14,470.63,6588.82,2024-04-01,West
ORD0466,PROD8,Electronics,15,182.46,2736.9,2024-06-19,North
ORD0467,PROD51,Home & Kitchen,8,153.6,1228.8,2024-07-29,West
ORD0468,PROD36,Books,13,89.14,1158.82,2024-12-08,East
ORD0469,PROD25,Beauty,6,330.52,1983.12,2024-05-07,West
ORD0470,PROD16,Books,6,281.33,1687.98,2024-05-16,South
ORD0471,PROD59,Clothing,14,150.42,2105.8799999999997,2024-03-22,South
ORD0472,PROD12,Clothing,13,238.04,3094.52,2024-12-25,East
ORD0473,PROD85,Home & Kitchen,1,371.75,371.75,2024-02-25,West
ORD0474,PROD28,Beauty,20,363.97,7279.400000000001,2024-07-14,West
ORD0475,PROD83,Sports,7,281.72,1972.0400000000002,2024-01-20,North
ORD0476,PROD82,Home & Kitchen,15,456.75,6851.25,2024-08-28,North
ORD0477,PROD77,Clothing,19,473.73,9000.87,2024-04-23,South
ORD0478,PROD3,Clothing,14,450.3,6304.2,2024-04-12,East
ORD0479,PROD7,Books,13,328.95,4276.349999999999,2024-08-23,South
ORD0480,PROD43,Beauty,1,115.02,115.02,2024-06-28,East
ORD0481,PROD32,Books,7,115.55,808.85,2024-06-05,East
ORD0482,PROD17,Books,7,436.36,3054.52,2024-04-26,East
ORD0483,PROD73,Home & Kitchen,9,213.13,1918.17,2024-04-24,East
ORD0484,PROD27,Books,3,443.99,1331.97,2024-01-13,West
ORD0485,PROD9,Electronics,19,188.98,3590.62,2024-12-03,East
ORD0486,PROD98,Electronics,4,294.86,1179.44,2024-04-08,West
ORD0487,PROD71,Books,18,234.56,4222.08,2024-07-23,East
ORD0488,PROD27,Beauty,6,63.3,379.79999999999995,2024-06-17,West
ORD0489,PROD76,Books,12,31.57,378.84000000000003,2024-05-22,West
ORD0490,PROD28,Clothing,11,319.03,3509.33,2024-02-05,South
ORD0491,PROD30,Clothing,7,292.25,2045.75,2024-05-22,South
ORD0492,PROD43,Beauty,15,312.22,4683.3,2024-06-28,North
ORD0493,PROD100,Home & Kitchen,4,238.75,955.0,2024-11-24,South
ORD0494,PROD19,Electronics,9,101.3,911.6999999999999,2024-09-17,South
ORD0495,PROD77,Electronics,16,64.31,1028.96,2024-07-23,East
ORD0496,PROD1,Home & Kitchen,17,341.95,5813.15,2024-12-13,North
ORD0497,PROD36,Books,11,267.27,2939.97,2024-10-01,South
ORD0498,PROD19,Beauty,20,209.49,4189.8,2024-06-18,South
ORD0499,PROD17,Sports,13,436.07,5668.91,2024-01-15,West
ORD0500,PROD70,Sports,20,79.64,1592.8,2024-02-29,North
ORD0501,PROD33,Books,13,496.21,6450.73,2024-05-13,North
ORD0502,PROD23,Home & Kitchen,19,174.62,3317.78,2024-04-01,North
ORD0503,PROD15,Beauty,4,493.66,1974.64,2024-10-24,West
ORD0504,PROD85,Electronics,12,446.96,5363.5199999999995,2024-05-15,North
ORD0505,PROD4,Electronics,12,493.39,5920.68,2024-01-20,North
ORD0506,PROD17,Books,15,75.9,1138.5,2024-02-25,West
ORD0507,PROD2,Clothing,20,431.89,8637.8,2024-11-01,North
ORD0508,PROD46,Home & Kitchen,6,94.28,565.6800000000001,2024-08-10,North
ORD0509,PROD31,Sports,10,45.0,450.0,2024-06-25,East
ORD0510,PROD76,Home & Kitchen,20,169.65,3393.0,2024-06-09,South
ORD0511,PROD42,Books,19,493.39,9374.41,2024-08-11,North
ORD0512,PROD3,Home & Kitchen,3,160.14,480.41999999999996,2024-11-06,West
ORD0513,PROD23,Electronics,5,33.72,168.6,2024-09-18,East
ORD0514,PROD34,Books,11,228.77,2516.4700000000003,2024-02-29,South
ORD0515,PROD7,Electronics,4,108.64,434.56,2024-07-16,South
ORD0516,PROD17,Beauty,8,387.9,3103.2,2024-10-22,East
ORD0517,PROD95,Beauty,10,290.26,2902.6,2024-04-07,West
ORD0518,PROD54,Clothing,4,83.43,333.72,2024-05-10,South
ORD0519,PROD68,Home & Kitchen,6,393.68,2362.08,2024-01-23,South
ORD0520,PROD15,Beauty,12,390.98,4691.76,2024-12-28,South
ORD0521,PROD96,Home & Kitchen,5,69.06,345.3,2024-08-11,North
ORD0522,PROD9,Electronics,17,219.69,3734.73,2024-01-01,North
ORD0523,PROD61,Books,13,217.56,2828.28,2024-09-23,East
ORD0524,PROD58,Beauty,14,217.37,3043.1800000000003,2024-10-02,East
ORD0525,PROD100,Books,20,241.31,4826.2,2024-12-17,West
ORD0526,PROD47,Beauty,5,7.31,36.55,2024-12-09,West
ORD0527,PROD66,Home & Kitchen,19,269.22,5115.18,2024-04-10,East
ORD0528,PROD76,Beauty,13,366.68,4766.84,2024-07-05,West
ORD0529,PROD14,Sports,14,475.28,6653.92,2024-08-08,South
ORD0530,PROD58,Beauty,6,446.54,2679.2400000000002,2024-02-05,South
ORD0531,PROD65,Electronics,16,379.64,6074.24,2024-12-06,West
ORD0532,PROD29,Clothing,18,267.86,4821.4800000000005,2024-06-18,West
ORD0533,PROD79,Electronics,6,13.87,83.22,2024-11-15,East
ORD0534,PROD6,Books,18,7.04,126.72,2024-06-09,East
ORD0535,PROD94,Home & Kitchen,6,368.13,2208.7799999999997,2024-12-05,West
ORD0536,PROD85,Home & Kitchen,16,117.0,1872.0,2024-03-04,South
ORD0537,PROD67,Beauty,10,439.11,4391.1,2024-06-02,North
ORD0538,PROD39,Home & Kitchen,5,159.49,797.45,2024-09-16,West
ORD0539,PROD59,Clothing,6,55.84,335.04,2024-06-07,East
ORD0540,PROD83,Clothing,11,254.15,2795.65,2024-12-07,East
ORD0541,PROD4,Beauty,15,156.53,2347.95,2024-07-28,West
ORD0542,PROD8,Beauty,20,37.32,746.4,2024-06-16,East
ORD0543,PROD62,Books,2,27.63,55.26,2024-07-25,South
ORD0544,PROD52,Beauty,12,474.49,5693.88,2024-12-22,East
ORD0545,PROD55,Electronics,1,230.68,230.68,2024-05-31,North
ORD0546,PROD88,Electronics,16,262.54,4200.64,2024-10-10,North
ORD0547,PROD14,Electronics,5,264.44,1322.2,2024-03-06,South
ORD0548,PROD63,Clothing,7,219.66,1537.62,2024-04-08,East
ORD0549,PROD92,Sports,13,344.96,4484.48,2024-08-03,East
ORD0550,PROD57,Home & Kitchen,18,71.23,1282.14,2024-12-06,West
ORD0551,PROD10,Books,17,498.09,8467.529999999999,2024-07-13,North
ORD0552,PROD11,Beauty,16,247.64,3962.24,2024-12-12,West
ORD0553,PROD42,Books,14,376.31,5268.34,2024-03-30,West
ORD0554,PROD78,Clothing,16,86.62,1385.92,2024-11-11,East
ORD0555,PROD19,Beauty,14,453.91,6354.740000000001,2024-10-18,North
ORD0556,PROD9,Beauty,15,406.94,6104.1,2024-06-03,West
ORD0557,PROD17,Clothing,16,14.47,231.52,2024-07-26,East
ORD0558,PROD36,Home & Kitchen,6,116.04,696.24,2024-10-07,South
ORD0559,PROD80,Beauty,3,492.52,1477.56,2024-01-01,North
ORD0560,PROD82,Home & Kitchen,19,109.54,2081.26,2024-06-04,East
ORD0561,PROD75,Clothing,1,15.85,15.85,2024-05-26,South
ORD0562,PROD71,Books,8,254.79,2038.32,2024-04-17,West
ORD0563,PROD92,Beauty,10,65.97,659.7,2024-08-08,West
ORD0564,PROD42,Sports,2,357.0,714.0,2024-10-23,West
ORD0565,PROD49,Home & Kitchen,9,397.1,3573.9,2024-11-06,South
ORD0566,PROD77,Beauty,8,190.72,1525.76,2024-12-01,South
ORD0567,PROD68,Home & Kitchen,18,321.96,5795.28,2024-06-13,West
ORD0568,PROD38,Beauty,10,386.77,3867.7,2024-08-26,West
ORD0569,PROD59,Beauty,6,313.45,1880.6999999999998,2024-08-14,South
ORD0570,PROD65,Beauty,15,298.99,4484.85,2024-08-14,East
ORD0571,PROD78,Books,19,28.74,546.06,2024-12-11,North
ORD0572,PROD56,Sports,16,58.52,936.32,2024-04-19,West
ORD0573,PROD13,Beauty,18,418.88,7539.84,2024-09-18,South
ORD0574,PROD90,Home & Kitchen,17,28.88,490.96,2024-08-30,East
ORD0575,PROD15,Books,4,62.32,249.28,2024-03-27,East
ORD0576,PROD84,Electronics,19,224.94,4273.86,2024-12-03,East
ORD0577,PROD84,Home & Kitchen,4,66.18,264.72,2024-02-13,West
ORD0578,PROD99,Home & Kitchen,9,130.11,1170.9900000000002,2024-05-25,South
ORD0579,PROD71,Sports,18,352.42,6343.56,2024-09-20,North
ORD0580,PROD93,Electronics,12,106.72,1280.6399999999999,2024-12-05,South
ORD0581,PROD28,Books,18,344.44,6199.92,2024-11-20,South
ORD0582,PROD56,Beauty,2,9.61,19.22,2024-11-13,East
ORD0583,PROD58,Home & Kitchen,15,213.33,3199.9500000000003,2024-06-20,North
ORD0584,PROD30,Sports,18,54.99,989.82,2024-02-17,West
ORD0585,PROD53,Sports,7,262.55,1837.8500000000001,2024-04-30,West
ORD0586,PROD44,Sports,14,313.28,4385.92,2024-12-10,East
ORD0587,PROD59,Electronics,4,351.86,1407.44,2024-06-07,West
ORD0588,PROD52,Beauty,8,212.32,1698.56,2024-04-25,South
ORD0589,PROD54,Books,10,449.82,4498.2,2024-04-11,East
ORD0590,PROD94,Home & Kitchen,2,258.23,516.46,2024-03-16,North
ORD0591,PROD13,Sports,15,310.76,4661.4,2024-01-13,South
ORD0592,PROD41,Beauty,9,144.94,1304.46,2024-01-24,North
ORD0593,PROD55,Beauty,12,393.46,4721.5199999999995,2024-05-05,North
ORD0594,PROD41,Clothing,3,251.38,754.14,2024-08-31,South
ORD0595,PROD86,Sports,15,306.46,4596.9,2024-11-08,North
ORD0596,PROD33,Electronics,4,390.09,1560.36,2024-02-07,East
ORD0597,PROD48,Beauty,8,416.59,3332.72,2024-08-21,East
ORD0598,PROD20,Books,7,486.69,3406.83,2024-07-31,South
ORD0599,PROD88,Clothing,19,182.17,3461.2299999999996,2024-11-18,West
ORD0600,PROD61,Beauty,12,207.83,2493.96,2024-10-21,North
ORD0601,PROD9,Sports,20,84.38,1687.6,2024-04-09,South
ORD0602,PROD12,Sports,14,276.33,3868.62,2024-12-22,North
ORD0603,PROD11,Beauty,6,455.63,2733.7799999999997,2024-07-15,South
ORD0604,PROD12,Books,20,345.66,6913.200000000001,2024-09-10,North
ORD0605,PROD56,Clothing,5,242.93,1214.65,2024-07-23,West
ORD0606,PROD13,Sports,7,121.08,847.56,2024-05-04,South
ORD0607,PROD96,Clothing,7,11.31,79.17,2024-03-16,East
ORD0608,PROD95,Electronics,2,49.06,98.12,2024-12-01,West
ORD0609,PROD48,Beauty,19,59.66,1133.54,2024-12-18,East
ORD0610,PROD17,Sports,12,289.21,3470.5199999999995,2024-01-03,West
ORD0611,PROD72,Electronics,18,249.58,4492.4400000000005,2024-02-24,East
ORD0612,PROD8,Clothing,9,474.98,4274.82,2024-08-05,West
ORD0613,PROD76,Electronics,20,390.87,7817.4,2024-04-22,North
ORD0614,PROD72,Books,18,42.15,758.6999999999999,2024-03-31,East
ORD0615,PROD72,Home & Kitchen,6,363.17,2179.02,2024-12-22,North
ORD0616,PROD43,Books,11,452.87,4981.57,2024-09-22,South
ORD0617,PROD86,Clothing,10,323.95,3239.5,2024-08-25,North
ORD0618,PROD16,Books,10,231.09,2310.9,2024-01-26,East
ORD0619,PROD53,Sports,19,488.76,9286.44,2024-10-12,West
ORD0620,PROD46,Clothing,9,135.74,1221.66,2024-05-07,North
ORD0621,PROD86,Books,17,29.79,506.43,2024-03-03,West
ORD0622,PROD97,Beauty,4,407.52,1630.08,2024-08-21,South
ORD0623,PROD55,Beauty,5,437.7,2188.5,2024-03-09,South
ORD0624,PROD93,Books,14,426.86,5976.04,2024-08-25,East
ORD0625,PROD7,Sports,2,183.31,366.62,2024-12-07,West
ORD0626,PROD37,Sports,9,340.0,3060.0,2024-09-28,North
ORD0627,PROD77,Electronics,5,215.87,1079.35,2024-10-13,North
ORD0628,PROD40,Sports,5,62.37,311.84999999999997,2024-10-31,South
ORD0629,PROD46,Clothing,8,426.37,3410.96,2024-06-11,West
ORD0630,PROD14,Beauty,5,445.69,2228.45,2024-08-14,West
ORD0631,PROD74,Clothing,11,9.79,107.69,2024-11-09,South
ORD0632,PROD65,Beauty,8,73.51,588.08,2024-09-15,North
ORD0633,PROD28,Home & Kitchen,13,325.36,4229.68,2024-08-06,South
ORD0634,PROD20,Sports,16,167.69,2683.04,2024-10-07,West
ORD0635,PROD85,Books,5,447.79,2238.9500000000003,2024-08-16,North
ORD0636,PROD62,Beauty,19,477.77,9077.63,2024-03-22,South
ORD0637,PROD29,Books,9,137.81,1240.29,2024-08-31,West
ORD0638,PROD14,Home & Kitchen,14,367.87,5150.18,2024-08-18,West
ORD0639,PROD45,Clothing,13,189.45,2462.85,2024-05-12,East
ORD0640,PROD72,Books,15,174.65,2619.75,2024-05-06,East
ORD0641,PROD48,Beauty,3,61.35,184.05,2024-11-22,South
ORD0642,PROD15,Home & Kitchen,3,203.12,609.36,2024-05-21,North
ORD0643,PROD98,Beauty,13,230.99,3002.87,2024-09-23,North
ORD0644,PROD36,Home & Kitchen,17,418.68,7117.56,2024-09-05,East
ORD0645,PROD74,Sports,9,346.5,3118.5,2024-11-16,West
ORD0646,PROD29,Sports,12,241.73,2900.7599999999998,2024-05-02,East
ORD0647,PROD55,Sports,15,213.76,3206.3999999999996,2024-05-20,South
ORD0648,PROD72,Sports,16,443.63,7098.08,2024-08-13,East
ORD0649,PROD99,Sports,11,87.56,963.1600000000001,2024-02-09,North
ORD0650,PROD80,Home & Kitchen,19,70.59,1341.21,2024-12-31,South
ORD0651,PROD79,Beauty,1,364.57,364.57,2024-05-26,North
ORD0652,PROD87,Books,3,490.88,1472.6399999999999,2024-04-30,South
ORD0653,PROD83,Clothing,15,422.95,6344.25,2024-05-19,West
ORD0654,PROD72,Clothing,12,56.34,676.08,2024-06-20,East
ORD0655,PROD4,Home & Kitchen,3,456.06,1368.18,2024-06-12,North
ORD0656,PROD78,Beauty,18,243.92,4390.5599999999995,2024-10-03,South
ORD0657,PROD85,Home & Kitchen,13,286.63,3726.19,2024-02-11,East
ORD0658,PROD89,Clothing,7,221.89,1553.23,2024-03-11,North
ORD0659,PROD35,Home & Kitchen,14,307.6,4306.400000000001,2024-03-18,West
ORD0660,PROD4,Home & Kitchen,7,390.69,2734.83,2024-04-28,South
ORD0661,PROD24,Sports,16,307.62,4921.92,2024-07-15,North
ORD0662,PROD35,Clothing,9,431.98,3887.82,2024-12-21,North
ORD0663,PROD90,Sports,11,440.58,4846.38,2024-03-19,West
ORD0664,PROD98,Sports,10,365.0,3650.0,2024-12-27,South
ORD0665,PROD40,Books,11,446.42,4910.62,2024-04-19,East
ORD0666,PROD44,Home & Kitchen,18,244.12,4394.16,2024-02-02,North
ORD0667,PROD45,Books,19,246.62,4685.78,2024-07-31,South
ORD0668,PROD1,Home & Kitchen,5,444.36,2221.8,2024-07-27,South
ORD0669,PROD24,Beauty,19,223.14,4239.66,2024-06-18,West
ORD0670,PROD19,Sports,16,36.35,581.6,2024-10-04,North
ORD0671,PROD73,Home & Kitchen,11,329.21,3621.31,2024-08-26,East
ORD0672,PROD85,Home & Kitchen,2,11.12,22.24,2024-07-31,North
ORD0673,PROD52,Electronics,2,434.82,869.64,2024-02-01,North
ORD0674,PROD9,Beauty,4,264.78,1059.12,2024-04-15,East
ORD0675,PROD19,Sports,15,373.09,5596.349999999999,2024-08-03,South
ORD0676,PROD95,Beauty,1,363.27,363.27,2024-07-18,North
ORD0677,PROD82,Books,4,115.87,463.48,2024-10-26,South
ORD0678,PROD4,Books,6,478.1,2868.6000000000004,2024-12-22,West
ORD0679,PROD12,Home & Kitchen,15,437.21,6558.15,2024-01-11,South
ORD0680,PROD96,Clothing,15,261.95,3929.25,2024-10-21,East
ORD0681,PROD68,Home & Kitchen,1,345.68,345.68,2024-07-13,East
ORD0682,PROD28,Electronics,14,311.03,4354.42,2024-09-01,West
ORD0683,PROD49,Home & Kitchen,7,219.26,1534.82,2024-01-04,South
ORD0684,PROD54,Sports,5,364.69,1823.45,2024-06-29,North
ORD0685,PROD59,Electronics,10,243.56,2435.6,2024-06-01,West
ORD0686,PROD44,Home & Kitchen,6,333.54,2001.2400000000002,2024-07-18,East
ORD0687,PROD21,Books,9,322.5,2902.5,2024-08-02,South
ORD0688,PROD48,Sports,3,78.58,235.74,2024-10-02,East
ORD0689,PROD40,Home & Kitchen,12,414.09,4969.08,2024-10-06,North
ORD0690,PROD93,Sports,9,446.57,4019.13,2024-11-04,West
ORD0691,PROD42,Books,3,308.39,925.17,2024-04-22,West
ORD0692,PROD100,Clothing,12,10.76,129.12,2024-09-06,East
ORD0693,PROD73,Clothing,6,467.51,2805.06,2024-04-22,West
ORD0694,PROD77,Beauty,2,255.26,510.52,2024-05-19,South
ORD0695,PROD11,Home & Kitchen,13,237.3,3084.9,2024-08-11,South
ORD0696,PROD7,Beauty,10,250.44,2504.4,2024-09-05,East
ORD0697,PROD20,Sports,8,86.87,694.96,2024-01-15,East
ORD0698,PROD21,Home & Kitchen,14,376.96,5277.44,2024-07-18,West
ORD0699,PROD97,Clothing,3,163.71,491.13,2024-06-21,East
ORD0700,PROD80,Electronics,4,168.79,675.16,2024-12-08,South
ORD0701,PROD7,Beauty,1,142.69,142.69,2024-12-13,North
ORD0702,PROD87,Sports,7,255.93,1791.51,2024-07-26,South
ORD0703,PROD11,Beauty,16,277.5,4440.0,2024-03-25,West
ORD0704,PROD35,Clothing,3,192.43,577.29,2024-08-27,East
ORD0705,PROD57,Clothing,5,409.47,2047.3500000000001,2024-03-06,East
ORD0706,PROD85,Electronics,19,44.02,836.3800000000001,2024-11-14,East
ORD0707,PROD55,Sports,8,224.87,1798.96,2024-09-30,West
ORD0708,PROD63,Beauty,17,288.65,4907.049999999999,2024-01-14,North
ORD0709,PROD78,Clothing,15,48.57,728.55,2024-07-20,West
ORD0710,PROD57,Sports,1,251.74,251.74,2024-10-30,South
ORD0711,PROD54,Clothing,1,161.45,161.45,2024-10-15,North
ORD0712,PROD35,Electronics,11,490.43,5394.7300000000005,2024-12-05,East
ORD0713,PROD28,Electronics,4,373.89,1495.56,2024-01-14,South
ORD0714,PROD97,Books,14,13.8,193.20000000000002,2024-02-12,East
ORD0715,PROD66,Home & Kitchen,5,204.7,1023.5,2024-11-25,North
ORD0716,PROD15,Sports,16,22.74,363.84,2024-08-07,West
ORD0717,PROD45,Books,3,276.8,830.4000000000001,2024-03-10,South
ORD0718,PROD56,Electronics,8,413.82,3310.56,2024-08-24,West
ORD0719,PROD15,Sports,13,396.93,5160.09,2024-04-03,South
ORD0720,PROD37,Clothing,3,481.77,1445.31,2024-01-26,East
ORD0721,PROD87,Electronics,4,320.58,1282.32,2024-05-13,East
ORD0722,PROD87,Beauty,4,445.6,1782.4,2024-07-13,West
ORD0723,PROD76,Clothing,11,283.35,3116.8500000000004,2024-06-16,East
ORD0724,PROD63,Books,12,329.03,3948.3599999999997,2024-04-18,North
ORD0725,PROD68,Sports,10,230.82,2308.2,2024-08-20,North
ORD0726,PROD86,Books,5,173.72,868.6,2024-06-16,North
ORD0727,PROD40,Books,13,413.53,5375.889999999999,2024-06-21,North
ORD0728,PROD6,Sports,5,409.21,2046.05,2024-07-13,South
ORD0729,PROD29,Clothing,5,422.94,2114.7,2024-05-22,South
ORD0730,PROD51,Home & Kitchen,3,169.33,507.99,2024-08-03,North
ORD0731,PROD77,Home & Kitchen,17,384.87,6542.79,2024-05-09,South
ORD0732,PROD8,Home & Kitchen,19,301.98,5737.620000000001,2024-02-11,North
ORD0733,PROD1,Sports,1,359.75,359.75,2024-08-28,West
ORD0734,PROD27,Electronics,20,184.83,3696.6000000000004,2024-01-10,South
ORD0735,PROD39,Electronics,6,229.0,1374.0,2024-10-03,North
ORD0736,PROD28,Sports,15,53.23,798.4499999999999,2024-01-27,North
ORD0737,PROD99,Beauty,12,331.16,3973.92,2024-06-28,West
ORD0738,PROD18,Clothing,7,6.09,42.629999999999995,2024-04-24,West
ORD0739,PROD98,Beauty,5,180.79,903.9499999999999,2024-11-28,East
ORD0740,PROD33,Sports,14,318.66,4461.240000000001,2024-02-05,North
ORD0741,PROD38,Sports,20,400.96,8019.2,2024-11-29,East
ORD0742,PROD42,Electronics,15,276.11,4141.650000000001,2024-01-21,South
ORD0743,PROD16,Clothing,7,190.08,1330.5600000000002,2024-01-16,North
ORD0744,PROD1,Books,3,57.63,172.89000000000001,2024-05-06,North
ORD0745,PROD64,Clothing,4,448.95,1795.8,2024-04-12,South
ORD0746,PROD96,Electronics,5,248.75,1243.75,2024-01-11,West
ORD0747,PROD56,Books,4,411.81,1647.24,2024-11-14,North
ORD0748,PROD23,Books,19,372.54,7078.26,2024-03-19,West
ORD0749,PROD17,Clothing,13,207.56,2698.28,2024-05-02,North
ORD0750,PROD49,Sports,12,130.87,1570.44,2024-03-05,East
ORD0751,PROD69,Home & Kitchen,14,101.98,1427.72,2024-08-30,West
ORD0752,PROD91,Electronics,11,64.77,712.4699999999999,2024-12-08,East
ORD0753,PROD30,Electronics,5,426.84,2134.2,2024-02-28,North
ORD0754,PROD65,Home & Kitchen,8,111.72,893.76,2024-10-15,East
ORD0755,PROD72,Beauty,9,413.15,3718.35,2024-04-21,North
ORD0756,PROD86,Beauty,3,99.34,298.02,2024-08-26,North
ORD0757,PROD46,Electronics,8,172.28,1378.24,2024-12-24,East
ORD0758,PROD10,Home & Kitchen,18,379.79,6836.22,2024-05-11,North
ORD0759,PROD51,Home & Kitchen,20,28.02,560.4,2024-07-07,South
ORD0760,PROD95,Books,20,318.45,6369.0,2024-03-26,North
ORD0761,PROD6,Sports,20,337.71,6754.2,2024-11-06,North
ORD0762,PROD56,Beauty,10,65.99,659.9,2024-11-06,South
ORD0763,PROD3,Beauty,1,446.42,446.42,2024-02-28,West
ORD0764,PROD59,Books,10,231.41,2314.1,2024-03-24,South
ORD0765,PROD10,Clothing,7,296.71,2076.97,2024-06-08,South
ORD0766,PROD41,Beauty,17,254.58,4327.860000000001,2024-02-25,South
ORD0767,PROD74,Books,20,482.11,9642.2,2024-10-23,South
ORD0768,PROD55,Home & Kitchen,17,7.15,121.55000000000001,2024-01-14,West
ORD0769,PROD74,Clothing,7,369.43,2586.01,2024-06-08,North
ORD0770,PROD52,Electronics,13,278.85,3625.05,2024-10-21,East
ORD0771,PROD91,Home & Kitchen,10,219.24,2192.4,2024-12-12,West
ORD0772,PROD82,Clothing,2,294.63,589.26,2024-07-11,West
ORD0773,PROD54,Sports,8,462.56,3700.48,2024-07-22,North
ORD0774,PROD38,Books,16,391.64,6266.24,2024-04-11,South
ORD0775,PROD15,Sports,13,455.54,5922.02,2024-02-08,South
ORD0776,PROD52,Home & Kitchen,4,347.45,1389.8,2024-10-30,West
ORD0777,PROD3,Sports,8,90.96,727.68,2024-12-19,East
ORD0778,PROD42,Clothing,16,408.55,6536.8,2024-11-17,South
ORD0779,PROD22,Electronics,20,56.26,1125.2,2024-05-04,West
ORD0780,PROD80,Sports,3,330.47,991.4100000000001,2024-02-22,East
ORD0781,PROD59,Home & Kitchen,17,305.05,5185.85,2024-12-22,East
ORD0782,PROD89,Home & Kitchen,1,164.31,164.31,2024-06-03,East
ORD0783,PROD47,Beauty,12,441.29,5295.4800000000005,2024-12-16,East
ORD0784,PROD12,Sports,11,212.24,2334.6400000000003,2024-11-03,West
ORD0785,PROD56,Clothing,5,306.45,1532.25,2024-03-02,West
ORD0786,PROD14,Clothing,13,347.8,4521.400000000001,2024-10-16,East
ORD0787,PROD32,Beauty,19,127.88,2429.72,2024-01-22,South
ORD0788,PROD56,Sports,14,201.95,2827.2999999999997,2024-06-26,South
ORD0789,PROD76,Books,12,174.72,2096.64,2024-09-29,West
ORD0790,PROD52,Books,18,150.62,2711.16,2024-08-07,East
ORD0791,PROD68,Beauty,6,403.37,2420.2200000000003,2024-12-04,East
ORD0792,PROD11,Home & Kitchen,16,73.4,1174.4,2024-07-08,West
ORD0793,PROD51,Electronics,3,303.25,909.75,2024-02-05,West
ORD0794,PROD40,Books,1,443.79,443.79,2024-09-16,West
ORD0795,PROD96,Sports,19,258.59,4913.209999999999,2024-11-27,North
ORD0796,PROD44,Electronics,3,422.32,1266.96,2024-06-23,North
ORD0797,PROD29,Clothing,1,276.16,276.16,2024-01-07,East
ORD0798,PROD43,Clothing,9,160.39,1443.5099999999998,2024-08-03,North
ORD0799,PROD100,Books,7,369.73,2588.11,2024-09-07,South
ORD0800,PROD22,Home & Kitchen,2,279.02,558.04,2024-02-24,East
ORD0801,PROD10,Clothing,2,112.58,225.16,2024-08-09,North
ORD0802,PROD66,Electronics,13,108.81,1414.53,2024-07-04,East
ORD0803,PROD82,Home & Kitchen,17,358.62,6096.54,2024-11-21,South
ORD0804,PROD15,Books,10,344.87,3448.7,2024-08-23,South
ORD0805,PROD68,Clothing,17,460.99,7836.83,2024-12-28,East
ORD0806,PROD66,Books,14,70.67,989.38,2024-03-19,North
ORD0807,PROD25,Home & Kitchen,14,356.65,4993.099999999999,2024-08-10,East
ORD0808,PROD100,Home & Kitchen,13,487.71,6340.23,2024-03-31,South
ORD0809,PROD45,Home & Kitchen,3,93.02,279.06,2024-09-24,North
ORD0810,PROD45,Beauty,18,273.53,4923.539999999999,2024-11-29,North
ORD0811,PROD94,Sports,18,320.25,5764.5,2024-05-18,West
ORD0812,PROD83,Beauty,20,356.62,7132.4,2024-11-11,East
ORD0813,PROD19,Electronics,5,381.58,1907.8999999999999,2024-10-02,South
ORD0814,PROD31,Home & Kitchen,9,283.33,2549.97,2024-09-04,South
ORD0815,PROD14,Sports,3,293.49,880.47,2024-08-26,East
ORD0816,PROD19,Home & Kitchen,10,471.62,4716.2,2024-08-11,East
ORD0817,PROD33,Sports,3,356.51,1069.53,2024-10-30,South
ORD0818,PROD26,Clothing,17,338.75,5758.75,2024-05-17,South
ORD0819,PROD23,Electronics,7,447.46,3132.22,2024-06-14,East
ORD0820,PROD78,Sports,5,269.28,1346.3999999999999,2024-05-05,East
ORD0821,PROD20,Electronics,18,439.35,7908.3,2024-02-14,North
ORD0822,PROD98,Books,11,214.08,2354.88,2024-05-22,West
ORD0823,PROD98,Home & Kitchen,13,11.32,147.16,2024-08-18,South
ORD0824,PROD84,Clothing,19,57.7,1096.3,2024-05-04,North
ORD0825,PROD10,Books,3,193.53,580.59,2024-08-25,East
ORD0826,PROD23,Sports,10,31.27,312.7,2024-10-18,West
ORD0827,PROD99,Beauty,14,33.02,462.28000000000003,2024-11-08,South
ORD0828,PROD81,Sports,8,137.15,1097.2,2024-12-08,West
ORD0829,PROD64,Home & Kitchen,2,393.84,787.68,2024-07-13,North
ORD0830,PROD60,Sports,8,491.85,3934.8,2024-06-21,East
ORD0831,PROD97,Electronics,3,343.28,1029.84,2024-01-15,North
ORD0832,PROD73,Sports,14,77.48,1084.72,2024-09-10,West
ORD0833,PROD98,Home & Kitchen,4,35.71,142.84,2024-06-15,North
ORD0834,PROD75,Home & Kitchen,15,393.26,5898.9,2024-04-03,North
ORD0835,PROD58,Beauty,20,105.98,2119.6,2024-09-06,East
ORD0836,PROD88,Clothing,20,272.88,5457.6,2024-04-18,East
ORD0837,PROD73,Clothing,2,182.55,365.1,2024-06-30,West
ORD0838,PROD83,Clothing,10,229.03,2290.3,2024-05-12,West
ORD0839,PROD82,Books,6,309.97,1859.8200000000002,2024-06-23,North
ORD0840,PROD80,Clothing,4,339.39,1357.56,2024-05-23,South
ORD0841,PROD42,Books,1,283.13,283.13,2024-11-01,North
ORD0842,PROD81,Sports,5,116.03,580.15,2024-12-25,West
ORD0843,PROD41,Beauty,1,325.32,325.32,2024-05-21,North
ORD0844,PROD20,Home & Kitchen,6,197.5,1185.0,2024-10-11,East
ORD0845,PROD57,Books,16,257.91,4126.56,2024-01-06,North
ORD0846,PROD9,Sports,12,399.43,4793.16,2024-09-21,East
ORD0847,PROD61,Beauty,17,349.58,5942.86,2024-04-07,South
ORD0848,PROD57,Books,17,348.0,5916.0,2024-02-13,East
ORD0849,PROD81,Beauty,9,28.26,254.34,2024-05-03,South
ORD0850,PROD39,Sports,6,193.88,1163.28,2024-07-27,South
ORD0851,PROD36,Clothing,12,211.2,2534.3999999999996,2024-09-07,North
ORD0852,PROD76,Clothing,5,395.12,1975.6,2024-10-11,West
ORD0853,PROD8,Sports,9,344.15,3097.35,2024-05-03,West
ORD0854,PROD46,Beauty,4,483.09,1932.36,2024-12-19,North
ORD0855,PROD65,Electronics,1,31.63,31.63,2024-08-31,South
ORD0856,PROD10,Beauty,11,373.12,4104.32,2024-11-26,West
ORD0857,PROD40,Books,14,105.53,1477.42,2024-12-30,East
ORD0858,PROD60,Beauty,9,435.08,3915.72,2024-09-08,West
ORD0859,PROD58,Sports,17,430.92,7325.64,2024-08-17,South
ORD0860,PROD5,Home & Kitchen,3,224.32,672.96,2024-01-09,South
ORD0861,PROD8,Electronics,9,116.65,1049.8500000000001,2024-02-17,East
ORD0862,PROD48,Beauty,19,318.73,6055.870000000001,2024-05-30,North
ORD0863,PROD37,Electronics,3,356.22,1068.66,2024-04-23,West
ORD0864,PROD10,Electronics,16,187.03,2992.48,2024-07-26,North
ORD0865,PROD83,Beauty,15,296.25,4443.75,2024-12-20,West
ORD0866,PROD12,Beauty,17,370.53,6299.009999999999,2024-05-04,East
ORD0867,PROD79,Clothing,12,102.25,1227.0,2024-06-05,North
ORD0868,PROD77,Beauty,2,363.83,727.66,2024-12-05,West
ORD0869,PROD65,Beauty,16,100.78,1612.48,2024-10-24,West
ORD0870,PROD50,Clothing,19,227.16,4316.04,2024-07-07,South
ORD0871,PROD60,Clothing,6,491.81,2950.86,2024-08-30,South
ORD0872,PROD75,Home & Kitchen,12,41.86,502.32,2024-10-10,West
ORD0873,PROD71,Beauty,6,481.43,2888.58,2024-09-28,South
ORD0874,PROD95,Books,9,368.86,3319.7400000000002,2024-06-25,West
ORD0875,PROD6,Electronics,4,64.08,256.32,2024-08-05,West
ORD0876,PROD58,Sports,19,25.11,477.09,2024-10-08,South
ORD0877,PROD74,Clothing,4,143.16,572.64,2024-06-18,South
ORD0878,PROD84,Sports,8,135.8,1086.4,2024-06-29,South
ORD0879,PROD25,Beauty,17,84.66,1439.22,2024-12-25,North
ORD0880,PROD42,Books,1,423.78,423.78,2024-08-20,East
ORD0881,PROD78,Electronics,2,7.79,15.58,2024-05-18,West
ORD0882,PROD61,Beauty,1,235.83,235.83,2024-06-05,East
ORD0883,PROD65,Books,8,469.06,3752.48,2024-05-08,North
ORD0884,PROD20,Electronics,2,24.77,49.54,2024-04-28,North
ORD0885,PROD8,Books,16,464.67,7434.72,2024-03-02,West
ORD0886,PROD58,Clothing,12,300.46,3605.5199999999995,2024-04-08,West
ORD0887,PROD14,Beauty,13,387.96,5043.48,2024-06-10,East
ORD0888,PROD44,Books,5,314.56,1572.8,2024-03-02,East
ORD0889,PROD92,Books,6,422.35,2534.1000000000004,2024-10-01,South
ORD0890,PROD11,Beauty,2,154.07,308.14,2024-12-19,East
ORD0891,PROD65,Electronics,18,396.0,7128.0,2024-04-04,East
ORD0892,PROD83,Beauty,14,277.33,3882.62,2024-04-08,North
ORD0893,PROD23,Books,8,41.08,328.64,2024-04-20,East
ORD0894,PROD6,Sports,11,355.3,3908.3,2024-09-04,South
ORD0895,PROD32,Home & Kitchen,8,265.07,2120.56,2024-05-21,East
ORD0896,PROD91,Sports,14,478.71,6701.94,2024-10-28,West
ORD0897,PROD57,Electronics,11,262.7,2889.7,2024-09-25,South
ORD0898,PROD57,Books,9,394.2,3547.7999999999997,2024-11-01,West
ORD0899,PROD68,Home & Kitchen,3,83.89,251.67000000000002,2024-05-24,North
ORD0900,PROD67,Electronics,19,273.82,5202.58,2024-02-21,South
ORD0901,PROD79,Sports,12,204.69,2456.2799999999997,2024-04-09,South
ORD0902,PROD21,Clothing,4,177.95,711.8,2024-05-31,East
ORD0903,PROD47,Beauty,17,442.28,7518.759999999999,2024-04-26,South
ORD0904,PROD48,Electronics,2,333.35,666.7,2024-07-03,North
ORD0905,PROD37,Electronics,6,168.88,1013.28,2024-04-01,North
ORD0906,PROD50,Books,8,150.32,1202.56,2024-06-03,North
ORD0907,PROD53,Home & Kitchen,17,475.4,8081.799999999999,2024-01-08,South
ORD0908,PROD100,Sports,2,311.05,622.1,2024-12-28,South
ORD0909,PROD44,Electronics,13,240.05,3120.65,2024-09-30,East
ORD0910,PROD87,Beauty,3,282.86,848.58,2024-03-05,North
ORD0911,PROD77,Electronics,15,377.31,5659.65,2024-05-20,East
ORD0912,PROD7,Electronics,10,326.4,3264.0,2024-01-24,North
ORD0913,PROD81,Books,10,61.79,617.9,2024-01-28,East
ORD0914,PROD83,Electronics,11,176.27,1938.97,2024-10-10,West
ORD0915,PROD43,Home & Kitchen,3,123.97,371.90999999999997,2024-05-29,West
ORD0916,PROD9,Books,18,322.92,5812.56,2024-12-23,North
ORD0917,PROD43,Clothing,15,459.71,6895.65,2024-03-05,East
ORD0918,PROD13,Clothing,1,125.69,125.69,2024-11-22,South
ORD0919,PROD72,Sports,12,24.74,296.88,2024-09-08,South
ORD0920,PROD87,Sports,7,443.4,3103.7999999999997,2024-02-22,South
ORD0921,PROD50,Sports,10,193.78,1937.8,2024-01-07,East
ORD0922,PROD37,Books,19,399.12,7583.28,2024-10-20,West
ORD0923,PROD33,Home & Kitchen,10,61.12,611.1999999999999,2024-05-25,South
ORD0924,PROD93,Books,20,132.01,2640.2,2024-08-28,North
ORD0925,PROD85,Books,8,363.37,2906.96,2024-09-02,West
ORD0926,PROD78,Books,15,17.23,258.45,2024-08-13,North
ORD0927,PROD20,Books,12,260.85,3130.2000000000003,2024-06-23,East
ORD0928,PROD43,Electronics,19,386.39,7341.41,2024-04-04,South
ORD0929,PROD11,Sports,16,259.58,4153.28,2024-01-27,North
ORD0930,PROD75,Sports,7,256.82,1797.74,2024-05-09,East
ORD0931,PROD85,Beauty,18,245.97,4427.46,2024-09-01,South
ORD0932,PROD19,Clothing,8,151.73,1213.84,2024-02-28,East
ORD0933,PROD45,Sports,5,327.51,1637.55,2024-02-03,North
ORD0934,PROD40,Home & Kitchen,1,163.55,163.55,2024-07-24,West
ORD0935,PROD84,Electronics,14,45.76,640.64,2024-09-08,North
ORD0936,PROD90,Clothing,1,52.5,52.5,2024-02-07,North
ORD0937,PROD85,Beauty,8,485.96,3887.68,2024-10-22,West
ORD0938,PROD51,Books,18,387.79,6980.22,2024-11-18,East
ORD0939,PROD17,Beauty,12,268.94,3227.2799999999997,2024-12-17,East
ORD0940,PROD77,Clothing,1,315.33,315.33,2024-01-28,North
ORD0941,PROD91,Sports,11,109.34,1202.74,2024-03-18,North
ORD0942,PROD11,Clothing,1,316.61,316.61,2024-03-17,East
ORD0943,PROD40,Electronics,13,110.52,1436.76,2024-10-15,West
ORD0944,PROD72,Electronics,10,344.28,3442.7999999999997,2024-06-04,South
ORD0945,PROD49,Home & Kitchen,4,418.65,1674.6,2024-02-13,West
ORD0946,PROD83,Books,7,106.76,747.32,2024-05-07,North
ORD0947,PROD43,Sports,17,415.23,7058.91,2024-03-01,East
ORD0948,PROD17,Sports,8,439.93,3519.44,2024-10-12,West
ORD0949,PROD86,Beauty,14,371.98,5207.72,2024-08-01,North
ORD0950,PROD90,Books,16,220.44,3527.04,2024-11-06,South
ORD0951,PROD95,Beauty,2,409.29,818.58,2024-11-01,South
ORD0952,PROD88,Books,5,40.7,203.5,2024-11-12,West
ORD0953,PROD68,Clothing,9,344.59,3101.31,2024-04-25,North
ORD0954,PROD12,Clothing,3,16.76,50.28,2024-09-24,North
ORD0955,PROD83,Books,2,359.85,719.7,2024-07-13,South
ORD0956,PROD86,Home & Kitchen,8,23.75,190.0,2024-08-18,East
ORD0957,PROD55,Clothing,17,41.26,701.42,2024-08-14,East
ORD0958,PROD66,Home & Kitchen,14,93.11,1303.54,2024-06-01,West
ORD0959,PROD47,Clothing,12,129.69,1556.28,2024-10-28,West
ORD0960,PROD3,Sports,15,39.87,598.05,2024-08-07,South
ORD0961,PROD47,Electronics,3,411.7,1235.1,2024-06-05,North
ORD0962,PROD40,Electronics,19,455.94,8662.86,2024-10-18,East
ORD0963,PROD24,Sports,4,206.78,827.12,2024-11-13,East
ORD0964,PROD28,Books,17,228.31,3881.27,2024-01-31,East
ORD0965,PROD44,Beauty,5,205.2,1026.0,2024-11-08,East
ORD0966,PROD99,Electronics,13,161.62,2101.06,2024-02-20,South
ORD0967,PROD63,Clothing,3,197.8,593.4000000000001,2024-04-16,East
ORD0968,PROD25,Clothing,19,63.56,1207.64,2024-11-16,North
ORD0969,PROD29,Electronics,19,7.92,150.48,2024-04-18,East
ORD0970,PROD18,Electronics,2,361.54,723.08,2024-05-15,West
ORD0971,PROD20,Beauty,14,36.3,508.19999999999993,2024-12-04,North
ORD0972,PROD10,Electronics,5,374.25,1871.25,2024-02-11,East
ORD0973,PROD38,Books,8,27.53,220.24,2024-03-21,South
ORD0974,PROD13,Beauty,10,424.88,4248.8,2024-05-02,South
ORD0975,PROD65,Sports,9,182.06,1638.54,2024-03-29,East
ORD0976,PROD99,Sports,11,253.9,2792.9,2024-10-09,West
ORD0977,PROD70,Electronics,13,148.47,1930.11,2024-02-08,South
ORD0978,PROD95,Clothing,11,344.51,3789.6099999999997,2024-03-21,North
ORD0979,PROD68,Sports,11,305.25,3357.75,2024-01-02,West
ORD0980,PROD5,Electronics,15,144.35,2165.25,2024-07-28,South
ORD0981,PROD85,Books,9,463.71,4173.389999999999,2024-08-18,West
ORD0982,PROD44,Books,8,193.8,1550.4,2024-12-18,South
ORD0983,PROD99,Clothing,3,411.95,1235.85,2024-10-31,South
ORD0984,PROD80,Beauty,7,20.26,141.82000000000002,2024-08-28,West
ORD0985,PROD17,Clothing,5,82.38,411.9,2024-05-29,East
ORD0986,PROD77,Electronics,19,113.83,2162.77,2024-01-17,East
ORD0987,PROD49,Clothing,4,374.64,1498.56,2024-04-28,West
ORD0988,PROD20,Beauty,5,399.4,1997.0,2024-05-27,South
ORD0989,PROD21,Home & Kitchen,4,425.49,1701.96,2024-12-27,South
ORD0990,PROD24,Clothing,6,151.01,906.06,2024-05-24,South
ORD0991,PROD89,Sports,15,318.85,4782.75,2024-12-25,South
ORD0992,PROD99,Beauty,15,152.54,2288.1,2024-08-20,South
ORD0993,PROD80,Home & Kitchen,11,444.05,4884.55,2024-02-06,East
ORD0994,PROD22,Beauty,14,482.86,6760.04,2024-12-17,South
ORD0995,PROD93,Beauty,4,434.23,1736.92,2024-04-29,West
ORD0996,PROD57,Sports,18,325.73,5863.14,2024-05-15,South
ORD0997,PROD6,Home & Kitchen,12,478.91,5746.92,2024-11-16,South
ORD0998,PROD53,Clothing,7,10.52,73.64,2024-10-28,East
ORD0999,PROD47,Home & Kitchen,15,438.01,6570.15,2024-12-04,North
ORD1000,PROD87,Clothing,10,74.98,749.8000000000001,2024-04-11,North
